All-Transactions House Price Index by State (Index 1980:Q1=100),,,,,,,,,,,,,,,,,,,,,,,,,,,,,,,,,,,,,,,,,,,,,,,,,,,,,,,,,,,,,,,,,,,,,,,,,,,,,,,,,,,,,,
Series ID,Region Name,Region Code,2000 Q1,2000 Q2,2000 Q3,2000 Q4,2001 Q1,2001 Q2,2001 Q3,2001 Q4,2002 Q1,2002 Q2,2002 Q3,2002 Q4,2003 Q1,2003 Q2,2003 Q3,2003 Q4,2004 Q1,2004 Q2,2004 Q3,2004 Q4,2005 Q1,2005 Q2,2005 Q3,2005 Q4,2006 Q1,2006 Q2,2006 Q3,2006 Q4,2007 Q1,2007 Q2,2007 Q3,2007 Q4,2008 Q1,2008 Q2,2008 Q3,2008 Q4,2009 Q1,2009 Q2,2009 Q3,2009 Q4,2010 Q1,2010 Q2,2010 Q3,2010 Q4,2011 Q1,2011 Q2,2011 Q3,2011 Q4,2012 Q1,2012 Q2,2012 Q3,2012 Q4,2013 Q1,2013 Q2,2013 Q3,2013 Q4,2014 Q1,2014 Q2,2014 Q3,2014 Q4,2015 Q1,2015 Q2,2015 Q3,2015 Q4,2016 Q1,2016 Q2,2016 Q3,2016 Q4,2017 Q1,2017 Q2,2017 Q3,2017 Q4,2018 Q1,2018 Q2,2018 Q3,2018 Q4,2019 Q1,2019 Q2,2019 Q3,2019 Q4,2020 Q1,2020 Q2,2020 Q3,2020 Q4
ALSTHPI,Alabama,01,208.48,210.25,211.86,214.61,220.88,221.80,223.38,225.92,226.31,227.52,230.88,233.54,235.89,238.02,239.67,241.17,243.47,245.05,249.48,253.27,256.65,262.70,268.16,273.66,279.13,283.72,288.37,293.81,295.80,299.96,300.59,302.93,304.86,303.63,301.35,302.86,305.08,301.76,294.65,293.67,289.53,285.24,289.00,286.57,279.01,275.25,277.59,279.63,276.73,274.97,276.83,277.24,274.54,275.08,274.47,273.35,275.53,276.21,279.28,280.68,283.66,284.53,286.32,288.55,289.14,292.93,297.97,296.95,298.71,302.72,305.42,307.68,311.22,316.15,319.26,319.82,326.07,331.05,335.45,339.55,343.97,348.61,355.48,362.16
AKSTHPI,Alaska,02,173.28,175.40,176.49,177.04,180.25,183.94,186.52,186.86,189.83,195.14,196.56,196.08,197.37,200.46,204.95,213.06,214.35,219.46,230.79,233.28,239.17,248.10,256.98,264.87,268.96,275.59,280.86,282.61,286.36,289.22,288.16,287.67,287.51,287.81,284.29,287.07,287.58,284.75,283.53,285.09,280.75,283.31,284.76,285.49,285.41,285.07,285.69,287.77,285.67,285.20,287.92,290.15,293.42,294.20,297.63,298.80,296.12,302.08,305.54,305.03,307.83,311.02,314.46,315.55,316.13,318.40,320.62,318.78,320.36,320.83,324.36,326.91,322.05,330.47,328.10,327.09,328.79,334.26,337.26,336.59,340.53,344.14,349.61,351.98
AZSTHPI,Arizona,04,199.98,202.23,204.89,207.93,212.66,215.93,219.06,221.16,224.14,227.13,231.02,233.68,236.45,238.93,242.62,250.84,255.20,264.26,279.84,291.27,308.89,340.83,369.67,395.42,410.06,418.83,422.45,426.02,424.20,420.57,411.13,404.27,390.82,368.13,341.25,329.27,328.12,304.58,288.89,280.22,272.48,262.98,262.49,255.88,241.75,229.85,231.79,236.93,235.67,238.66,248.24,255.75,262.25,274.13,282.58,290.40,296.17,301.37,304.40,309.45,311.74,318.53,325.45,329.75,333.79,340.81,346.27,351.87,357.55,367.18,374.97,378.88,387.50,395.50,404.76,409.20,414.56,422.74,428.91,436.09,444.80,452.54,463.48,478.55
ARSTHPI,Arkansas,05,179.67,181.40,182.49,184.91,189.53,190.64,192.62,194.56,195.32,196.18,199.38,201.84,203.39,204.67,207.18,210.22,212.88,216.47,219.99,223.90,227.10,232.19,237.35,240.53,244.18,247.63,250.22,252.40,254.67,256.19,255.85,257.09,256.89,256.01,253.06,254.32,256.54,253.31,249.27,248.18,244.80,245.54,246.38,245.12,241.18,239.86,241.75,243.01,242.41,239.96,243.34,244.92,245.68,246.07,246.63,246.21,247.77,247.48,249.59,252.61,252.48,253.32,257.44,259.21,257.80,261.67,264.51,266.20,268.90,270.39,273.79,276.01,278.89,281.11,283.45,286.08,287.77,291.69,295.28,297.92,300.61,302.14,307.29,314.19
CASTHPI,California,06,261.25,268.29,277.27,285.83,296.87,305.92,312.37,316.75,325.21,336.26,348.91,359.10,367.40,374.27,386.94,411.71,424.95,451.57,497.46,516.55,539.05,570.57,598.95,625.64,638.57,644.41,646.49,642.74,634.01,623.27,600.01,575.64,543.42,498.59,460.88,444.98,440.89,420.75,411.49,412.82,409.79,408.60,410.76,406.21,391.81,385.53,387.01,385.75,381.41,382.09,390.78,398.91,407.49,426.52,448.65,463.64,473.42,486.08,496.32,501.91,506.84,518.54,532.06,539.36,546.34,555.92,567.79,574.95,582.28,594.61,606.37,615.43,626.40,638.48,646.56,646.55,650.52,657.02,663.71,667.81,673.28,680.07,687.47,701.21
COSTHPI,Colorado,08,260.09,266.42,273.46,279.57,287.44,293.28,298.68,301.13,304.63,308.01,312.38,314.30,315.19,316.57,317.95,321.65,324.06,326.54,331.09,334.37,337.88,342.73,348.16,351.47,352.61,354.42,356.09,359.31,360.15,361.16,358.84,359.67,361.51,359.39,352.39,353.38,359.80,353.93,345.52,344.65,340.89,336.84,341.17,339.61,331.19,325.34,328.71,331.50,329.73,330.67,336.06,338.91,343.26,350.40,359.32,362.70,367.80,380.41,388.91,394.78,401.92,418.74,434.19,440.27,448.14,464.08,476.32,483.64,492.25,510.05,517.81,525.56,539.57,553.59,561.78,563.69,571.65,580.45,585.47,590.57,596.46,603.25,613.37,625.08
CTSTHPI,Connecticut,09,262.05,269.14,274.98,278.74,285.62,291.72,298.91,304.13,310.63,319.52,328.21,335.13,339.32,344.94,353.18,366.05,372.43,384.54,404.05,411.85,422.33,436.66,448.55,457.64,463.60,465.86,466.42,468.95,472.16,468.33,464.66,463.89,463.35,452.51,438.47,434.87,438.32,424.01,413.27,411.94,407.05,402.58,407.15,407.77,397.23,389.99,391.15,394.17,387.68,383.73,384.70,385.96,384.15,382.52,382.15,379.13,378.29,380.95,383.82,383.47,388.13,389.43,387.25,386.67,386.73,389.31,392.30,393.16,387.64,393.59,396.03,396.32,394.19,397.42,401.06,399.40,401.33,407.66,412.20,414.73,416.84,420.36,429.85,440.82
DESTHPI,Delaware,10,261.49,266.09,271.22,274.71,280.65,285.41,291.00,294.92,300.12,307.93,315.70,320.77,325.42,332.38,340.01,352.76,364.05,372.15,394.36,406.47,417.72,435.55,455.01,464.79,474.04,483.11,487.67,496.59,496.88,500.49,495.68,496.21,492.94,486.08,474.89,469.42,471.88,457.77,446.74,442.96,439.60,435.37,435.14,431.67,420.85,409.09,404.97,409.98,406.86,398.53,401.45,404.27,404.32,404.44,406.25,409.32,407.99,411.56,417.07,415.83,422.06,421.26,424.94,426.32,428.11,431.09,437.21,439.43,439.48,440.05,441.91,445.19,452.69,457.34,458.47,462.00,466.81,473.33,478.18,481.62,488.79,491.63,502.40,510.44
DCSTHPI,District of Columbia,11,234.50,242.67,250.44,255.30,265.98,278.22,289.66,298.53,307.90,319.06,333.89,343.73,351.52,358.32,369.67,389.06,404.45,424.34,453.95,478.27,499.89,529.45,560.87,588.61,597.87,605.84,611.93,621.90,627.30,626.92,628.48,621.18,608.69,592.76,578.72,572.14,574.48,557.01,551.99,559.29,553.51,555.66,564.32,563.64,556.15,564.18,566.03,572.79,576.59,579.70,588.99,600.66,610.83,629.45,651.96,653.93,669.42,684.80,692.71,707.92,713.64,725.72,744.33,759.25,765.25,783.06,786.21,801.70,802.90,822.49,832.39,839.84,854.05,864.28,868.68,884.09,886.53,896.44,908.92,918.10,921.47,922.20,932.95,951.26
FLSTHPI,Florida,12,200.87,204.44,208.72,213.12,219.25,224.78,229.93,235.47,240.17,247.48,254.48,260.23,265.78,272.22,278.74,291.71,300.56,314.72,334.38,349.62,368.35,395.74,423.16,445.52,462.89,472.75,476.21,479.58,476.54,470.32,453.42,442.00,424.39,395.13,363.06,344.67,350.55,332.38,313.28,305.46,299.49,291.21,294.62,289.26,275.53,267.16,270.01,272.37,266.79,264.92,271.32,274.91,278.79,288.07,295.59,303.28,307.98,316.03,322.77,328.64,336.03,344.25,352.99,360.14,366.75,376.07,386.57,392.96,400.84,410.81,418.24,426.23,434.51,443.21,450.54,453.67,461.05,467.21,475.35,481.40,489.14,495.21,503.65,515.45
GASTHPI,Georgia,13,229.98,233.73,237.51,241.40,248.19,251.22,254.44,257.75,259.95,261.89,266.21,269.28,271.38,273.18,274.84,278.40,282.23,284.10,288.02,292.53,296.33,300.32,305.27,309.33,312.43,314.38,316.90,322.82,325.48,326.51,324.49,326.59,326.99,321.91,313.19,311.88,318.56,308.85,296.15,291.83,286.23,280.16,282.87,279.01,268.81,257.37,258.88,258.35,251.69,247.39,250.43,253.46,253.72,259.79,263.40,266.79,270.89,277.18,282.43,284.41,288.53,295.65,299.74,302.10,304.84,313.50,318.97,321.74,324.47,333.44,338.75,342.15,350.50,358.92,364.63,366.85,372.48,380.34,385.41,389.63,395.33,398.95,407.18,415.06
HISTHPI,Hawaii,15,231.14,230.91,234.04,239.67,247.36,251.13,255.47,259.32,263.39,269.34,277.48,281.02,289.12,295.97,304.60,321.80,337.00,356.10,390.58,404.57,423.64,448.48,476.47,503.15,521.94,526.11,536.08,533.94,541.18,542.27,539.75,537.34,532.01,520.97,505.99,496.64,493.39,472.65,459.33,452.95,452.27,449.34,452.10,452.27,443.08,443.50,446.32,446.02,447.92,444.65,452.45,456.72,460.48,469.37,479.66,491.74,495.12,502.62,512.24,519.55,531.50,535.86,543.78,549.88,564.64,567.24,579.04,584.90,586.67,595.02,604.90,608.41,615.48,618.97,626.53,628.73,636.09,639.95,644.79,651.49,651.53,656.76,650.26,661.14
IDSTHPI,Idaho,16,196.77,196.68,198.36,200.53,205.62,207.88,209.07,211.40,211.85,212.99,216.16,218.32,220.38,222.22,223.98,227.25,229.83,235.79,243.83,250.18,256.14,267.76,283.72,296.68,307.30,318.83,327.59,335.70,340.54,341.30,341.74,341.86,343.21,335.48,325.74,325.69,326.76,315.61,301.83,296.81,287.30,282.61,281.30,274.61,259.90,250.44,254.93,259.71,257.67,254.45,260.26,264.10,266.56,269.39,277.67,278.40,282.59,287.51,291.96,292.83,298.31,303.50,310.10,314.49,318.68,324.81,335.99,337.19,343.23,357.70,365.15,371.62,382.43,400.44,411.62,418.74,426.89,441.65,452.65,462.81,472.43,480.57,497.78,520.55
ILSTHPI,Illinois,17,241.77,245.93,249.94,252.80,256.11,260.55,265.37,267.84,272.47,277.30,280.86,284.05,287.02,289.93,294.04,303.22,306.47,313.50,323.82,328.44,335.21,343.04,350.23,356.55,361.25,364.08,366.81,370.90,373.16,371.95,368.91,370.15,368.56,361.14,349.01,347.91,346.44,336.56,325.86,322.72,317.44,313.78,317.06,314.90,304.19,298.05,300.18,300.10,296.32,292.63,295.85,295.95,294.09,295.94,296.79,297.91,298.80,304.26,308.50,309.75,312.93,315.80,317.05,318.45,319.99,324.16,328.68,329.86,328.99,333.07,337.18,338.22,339.83,341.88,343.32,342.95,345.88,350.85,354.01,355.99,357.29,358.67,362.71,366.95
INSTHPI,Indiana,18,205.62,207.36,210.20,212.08,216.57,218.37,219.87,221.85,223.51,224.14,226.59,227.62,229.44,230.58,232.18,234.20,235.54,236.36,238.98,241.62,243.23,245.38,249.00,249.58,249.59,249.10,250.56,253.13,253.92,254.72,253.67,254.15,256.08,254.12,250.19,249.87,253.69,249.66,245.22,245.23,241.81,242.14,245.23,244.66,239.38,237.30,240.08,241.38,239.10,238.75,240.82,241.48,241.53,241.99,242.77,243.10,242.82,246.66,249.22,250.40,253.11,256.29,257.30,259.20,259.35,264.33,268.15,269.84,270.35,275.80,280.52,282.86,287.76,294.96,298.47,300.57,304.76,310.32,315.15,318.14,321.68,325.23,332.68,340.18
IASTHPI,Iowa,19,186.15,188.66,191.17,192.56,196.67,198.77,200.16,202.58,204.35,205.36,207.94,209.69,211.03,212.64,215.25,218.62,220.27,222.59,225.70,228.24,230.76,233.57,237.35,239.13,239.18,240.59,242.02,243.98,244.84,246.94,246.82,248.23,249.59,248.26,246.25,247.38,249.76,248.20,246.75,246.14,244.20,245.06,247.34,247.29,245.01,243.45,245.87,246.87,246.87,246.77,248.68,249.70,250.18,251.87,252.77,253.11,252.91,256.33,259.03,260.21,261.21,264.67,267.26,269.15,270.53,273.41,277.34,278.63,280.56,284.59,288.34,289.44,290.63,296.15,298.80,299.29,301.22,304.71,307.44,309.70,311.91,313.03,316.21,321.07
KSSTHPI,Kansas,20,179.10,180.48,183.05,184.85,188.52,190.74,192.90,194.60,197.19,199.09,201.06,202.64,204.21,205.63,207.14,210.41,212.41,214.64,216.83,219.48,221.65,224.73,227.45,228.59,229.66,231.69,233.63,235.91,237.27,239.89,239.20,239.26,241.00,239.52,236.60,237.06,239.84,238.16,236.41,235.92,234.04,233.71,236.29,236.15,232.37,228.68,231.49,233.49,231.66,230.58,232.91,233.11,234.06,232.80,235.44,234.61,235.70,238.75,242.64,242.28,244.33,247.31,250.44,250.65,252.60,257.92,261.64,263.54,263.25,270.38,273.20,274.26,278.77,283.85,284.58,288.13,289.44,294.97,299.02,301.36,304.67,307.86,314.40,320.48
KYSTHPI,Kentucky,21,218.55,220.52,222.35,225.21,229.55,231.66,233.54,235.41,237.26,238.89,241.42,243.69,245.70,247.64,249.73,253.34,256.37,258.60,261.75,266.73,268.56,272.27,276.72,278.12,280.81,281.70,282.86,285.91,288.44,289.23,288.75,291.84,293.18,293.06,288.60,290.33,292.86,289.99,286.61,286.57,284.61,283.38,287.41,287.00,282.88,280.05,282.33,283.38,283.06,282.02,284.18,285.39,285.31,286.07,285.68,284.36,284.73,289.23,290.58,292.59,295.27,298.98,300.69,303.17,305.15,310.35,313.95,315.59,318.66,325.28,329.91,330.60,335.28,339.87,342.84,344.60,347.77,353.69,358.86,361.70,364.54,368.75,375.88,383.20
LASTHPI,Louisiana,22,160.17,160.75,162.64,164.05,168.28,170.00,171.58,173.21,174.17,175.61,178.63,181.28,183.25,185.11,186.82,189.94,192.08,195.03,198.27,201.00,203.17,207.43,211.42,218.46,225.13,230.94,235.81,239.64,242.10,244.59,245.75,246.66,247.31,246.96,243.89,244.58,247.87,246.05,242.66,242.98,240.87,239.52,242.60,241.98,238.38,237.38,237.67,240.66,239.43,239.96,243.73,243.66,243.19,244.75,246.49,246.03,246.92,249.40,253.20,253.90,257.33,259.39,262.34,262.57,265.67,269.37,271.57,273.16,271.64,275.77,279.68,280.10,280.84,281.24,283.01,283.46,286.93,289.35,291.69,294.24,297.41,299.63,302.24,305.96
MESTHPI,Maine,23,279.01,286.76,293.27,299.16,307.76,313.51,322.85,327.93,335.11,345.66,355.51,361.92,368.69,373.96,384.82,399.26,408.15,420.08,439.99,449.30,462.38,472.64,484.80,492.66,497.10,494.25,497.65,505.09,508.55,505.06,501.88,507.94,510.30,502.16,490.58,487.07,491.59,480.65,469.62,464.45,461.41,455.94,461.22,462.04,454.35,446.80,450.50,453.57,448.46,444.33,445.16,445.98,448.42,450.58,447.92,445.72,448.26,452.04,459.94,457.58,463.97,467.18,469.49,472.43,476.75,481.70,492.05,495.94,499.47,504.73,515.27,520.17,524.97,536.46,542.18,545.86,550.21,563.66,570.61,579.51,585.37,592.57,605.86,626.57
MDSTHPI,Maryland,24,237.82,240.41,244.86,248.65,254.36,259.33,266.18,270.47,277.24,286.36,295.25,301.28,307.07,313.70,323.22,340.75,350.21,366.61,393.57,407.05,425.22,450.92,474.31,493.43,506.98,517.37,524.34,531.17,532.79,533.85,526.03,523.18,515.14,497.31,477.06,469.84,465.30,447.19,435.94,428.38,425.19,419.96,425.30,421.20,408.58,400.51,406.55,408.25,402.33,398.57,403.88,405.28,405.33,409.13,410.93,411.71,413.07,419.61,422.27,426.06,428.37,431.43,431.58,432.89,436.64,441.58,447.02,448.65,446.91,455.82,459.28,462.26,465.30,469.41,470.68,468.62,473.74,481.71,486.57,488.42,493.29,497.60,504.35,513.17
MASTHPI,Massachusetts,25,403.92,416.81,432.08,442.47,454.40,468.17,483.87,493.68,508.04,526.72,542.14,554.42,565.38,574.49,585.30,610.39,620.60,635.19,665.74,676.88,691.39,707.71,718.88,723.83,724.53,715.64,710.21,712.11,706.78,696.40,682.91,682.97,679.52,657.95,641.61,642.43,642.67,626.83,616.12,617.17,613.56,611.71,615.27,614.98,606.04,599.23,602.36,603.04,599.27,597.55,601.49,604.31,606.29,611.38,619.24,622.42,626.60,640.38,647.87,652.25,657.55,665.60,676.97,680.95,688.38,697.80,710.10,716.61,721.97,741.18,751.81,758.03,766.91,781.77,791.24,792.54,801.93,813.67,823.13,830.75,839.07,845.86,861.38,878.39
MISTHPI,Michigan,26,253.14,256.68,261.24,264.98,269.14,272.63,276.23,278.52,281.97,285.09,287.72,289.55,291.75,294.02,296.62,300.94,302.96,305.05,309.21,312.66,315.23,317.04,319.59,318.85,317.58,312.35,309.98,311.53,309.06,303.43,293.79,292.66,291.83,279.91,268.61,265.85,271.36,260.75,248.97,244.66,239.88,236.10,240.14,239.55,229.83,226.01,230.61,232.41,227.86,226.78,231.24,234.40,237.07,242.11,247.86,249.91,252.38,260.00,265.79,268.01,269.09,274.80,279.97,281.30,283.48,289.59,295.13,297.45,301.58,310.22,316.38,318.11,322.10,330.57,335.84,336.79,341.06,347.87,352.13,354.46,357.49,361.09,369.31,376.44
MNSTHPI,Minnesota,27,225.75,232.41,238.18,242.81,249.21,255.92,263.68,267.20,272.77,280.02,286.11,290.51,294.51,297.94,304.88,315.86,319.65,325.98,336.97,341.85,348.53,355.66,362.12,366.19,368.02,366.07,366.32,370.35,372.27,368.29,360.47,359.18,360.73,349.77,339.21,338.15,344.12,334.13,320.67,316.32,311.57,308.72,315.68,311.57,298.62,291.84,295.63,298.53,292.97,291.16,295.65,298.91,300.17,305.82,312.44,312.84,314.64,322.66,325.80,326.97,327.53,334.59,339.87,340.71,342.63,350.39,355.63,357.97,361.70,372.71,377.92,379.48,384.79,394.25,399.01,398.46,402.82,410.56,415.41,417.67,421.68,424.90,434.12,441.48
MSSTHPI,Mississippi,28,181.06,182.38,185.11,186.51,191.24,192.44,194.32,195.97,196.64,196.01,199.54,201.55,202.83,204.43,205.49,207.07,209.07,211.27,214.10,217.09,218.38,222.70,227.34,232.41,236.24,243.11,247.81,252.28,256.18,256.13,256.23,259.56,259.87,257.76,253.06,255.55,256.40,253.82,249.05,247.59,244.86,241.66,244.49,242.69,237.53,237.36,239.90,241.21,238.84,237.43,239.86,238.23,238.45,237.91,238.56,237.04,239.22,239.29,241.68,244.53,246.62,246.96,249.87,251.14,252.40,253.59,255.07,259.50,259.23,259.37,262.66,264.18,266.52,266.66,267.89,270.70,273.45,276.93,280.77,282.26,286.45,287.08,290.37,296.39
MOSTHPI,Missouri,29,207.98,210.47,213.87,216.47,220.13,223.42,226.70,228.96,232.65,235.75,238.65,241.56,243.67,245.38,248.40,254.11,257.10,260.42,266.45,270.09,274.63,278.69,283.65,286.77,289.58,290.03,292.68,296.16,297.55,298.01,296.37,297.64,297.99,294.00,289.09,289.78,292.08,287.39,280.67,279.39,277.28,275.36,278.31,276.51,269.53,265.40,269.16,270.37,268.00,265.47,268.49,268.82,267.61,268.60,269.06,268.53,269.05,273.67,276.24,278.45,280.73,282.84,285.85,288.97,291.48,295.37,300.05,301.66,302.89,309.62,313.32,315.63,320.39,325.81,328.83,331.94,334.34,340.72,344.37,349.44,352.43,355.02,361.72,368.78
MTSTHPI,Montana,30,210.73,212.45,215.53,218.73,222.97,225.66,227.69,229.35,234.24,236.44,240.86,243.28,245.87,250.91,256.53,263.32,267.73,274.27,284.00,290.22,297.76,309.93,318.88,329.41,336.09,346.38,355.45,361.94,368.71,373.85,377.33,379.88,383.78,381.62,375.58,379.01,380.79,375.72,366.82,364.18,357.50,353.57,358.30,357.04,346.10,345.18,346.58,348.14,349.70,349.14,352.50,357.41,360.52,363.18,368.10,368.43,372.72,375.36,383.34,385.39,388.23,394.00,398.24,402.11,405.61,407.78,415.81,416.93,423.03,428.68,436.48,439.07,445.89,455.10,459.35,466.08,467.10,477.76,486.04,490.52,499.41,499.55,512.96,528.80
NESTHPI,Nebraska,31,198.40,201.23,203.04,204.54,207.18,209.44,211.26,212.94,214.65,216.00,218.04,219.49,220.65,221.90,224.30,227.94,229.10,232.34,236.99,238.89,240.57,244.04,247.54,246.74,246.82,249.33,250.38,250.59,251.56,253.34,252.29,251.81,253.76,251.76,249.53,250.81,252.80,251.64,249.16,248.90,246.71,248.46,250.68,249.34,247.16,246.32,248.69,250.45,250.10,250.44,251.53,252.77,254.28,256.94,258.55,260.37,260.27,266.29,268.74,270.14,271.98,277.09,281.76,282.66,282.77,288.85,293.94,294.78,298.63,306.93,310.67,312.73,316.21,322.80,327.70,328.83,333.14,340.37,342.64,344.99,348.90,351.16,356.92,363.79
NVSTHPI,Nevada,32,189.97,192.36,194.12,196.96,201.34,203.91,207.72,210.34,213.36,216.86,221.60,224.08,228.11,232.61,239.31,253.61,267.00,291.30,328.44,340.91,354.70,373.39,386.54,400.97,409.99,410.63,412.06,410.92,408.31,399.49,386.28,376.14,355.31,326.94,294.10,278.67,276.95,257.19,239.52,232.21,223.40,215.43,216.64,210.91,199.41,186.09,185.00,185.14,183.10,182.43,187.00,192.00,198.01,210.65,224.27,233.87,239.71,247.48,256.62,260.90,265.78,274.54,282.29,289.17,292.59,299.89,309.11,313.50,317.35,329.44,339.21,347.65,358.48,373.75,384.72,390.62,393.30,399.09,402.66,405.49,410.13,415.62,421.84,430.05
NHSTHPI,New Hampshire,33,255.99,264.84,274.58,282.18,288.53,298.38,308.83,314.30,322.93,334.32,344.68,352.47,357.96,363.47,372.93,387.65,393.32,403.86,421.86,430.01,441.33,451.77,462.62,467.96,471.56,468.87,466.84,469.98,468.59,465.44,457.92,457.30,457.63,445.78,430.34,428.79,430.12,417.81,404.37,402.01,398.02,395.51,399.90,397.58,388.60,381.84,384.01,385.63,380.24,377.22,379.17,380.39,379.18,380.11,384.40,384.85,388.60,391.28,397.55,399.18,402.59,409.05,414.32,414.59,418.22,423.90,431.32,433.53,436.52,446.54,454.15,458.78,465.52,474.83,481.31,483.66,488.68,498.07,505.33,510.95,517.43,524.61,537.22,553.13
NJSTHPI,New Jersey,34,279.21,285.96,294.38,298.79,305.58,314.25,323.37,329.75,339.29,351.95,363.65,372.06,378.92,385.58,397.26,417.47,426.03,439.52,469.02,480.96,495.34,516.88,536.64,552.89,563.46,569.96,573.37,576.26,577.03,573.38,566.46,563.95,560.31,544.26,528.63,523.13,521.62,504.78,491.91,488.17,485.44,481.85,485.04,484.01,472.59,463.12,461.62,461.82,455.49,449.41,451.76,452.79,452.77,453.56,454.36,455.68,458.39,463.20,467.35,469.48,473.30,476.96,478.34,479.24,482.60,487.81,492.22,494.53,490.46,498.48,504.91,507.24,510.85,514.98,519.05,519.41,523.99,531.58,539.94,543.49,548.07,552.00,562.04,573.75
NMSTHPI,New Mexico,35,198.83,199.51,200.73,201.90,206.69,208.31,209.54,211.11,212.21,215.08,218.44,220.30,223.05,225.60,228.29,233.27,235.80,241.05,247.20,252.21,257.29,268.71,279.07,287.41,295.75,306.60,314.12,321.39,326.44,328.87,329.78,330.93,332.15,327.77,320.12,319.36,322.20,313.25,307.07,304.25,303.71,298.41,300.25,297.40,289.50,284.01,285.27,286.48,281.63,279.54,281.43,282.19,283.47,283.38,283.01,284.24,283.09,285.16,287.64,288.35,289.50,290.59,294.17,293.07,295.04,299.75,302.04,305.88,304.43,307.61,314.04,314.82,315.65,321.05,324.26,327.26,328.80,337.24,343.22,345.93,351.33,355.48,362.86,370.10
NYSTHPI,New York,36,335.75,345.89,355.97,361.47,369.55,377.75,388.14,394.92,404.66,417.49,430.11,439.39,449.23,460.08,467.15,489.14,499.43,514.19,539.33,552.84,567.46,586.42,605.63,619.22,630.30,632.15,631.44,639.59,642.79,640.66,631.42,633.39,636.82,624.74,608.44,602.82,609.97,596.81,582.45,577.29,573.46,569.94,578.08,577.78,569.08,560.99,558.54,562.94,558.58,553.01,554.85,556.79,557.41,559.11,561.80,561.46,561.76,567.70,575.90,579.65,584.88,589.50,594.86,596.03,598.93,609.20,617.42,623.08,625.52,635.50,648.82,655.28,662.34,670.81,681.59,683.36,688.42,700.93,710.12,718.64,725.80,730.57,743.03,758.46
NCSTHPI,North Carolina,37,232.62,235.55,238.61,241.17,246.45,248.62,250.57,252.87,254.41,255.53,259.02,260.76,262.91,264.67,265.97,268.39,271.46,273.93,276.83,281.50,285.97,289.78,296.34,302.66,307.56,311.86,317.11,322.97,328.01,331.15,332.46,335.04,337.77,337.22,333.18,332.92,336.68,330.95,323.17,319.35,313.99,311.44,313.55,311.77,304.80,298.71,300.14,301.29,297.12,293.59,296.65,297.86,297.26,298.81,299.59,298.88,300.68,304.76,307.87,309.07,313.69,317.70,320.37,323.78,327.36,332.43,339.32,340.84,342.79,353.55,358.57,359.80,366.31,375.76,380.49,383.24,389.16,395.76,400.79,406.33,411.61,415.39,422.89,432.96
NDSTHPI,North Dakota,38,159.06,160.19,161.78,163.20,167.27,168.44,169.79,171.20,173.11,174.69,178.58,180.45,181.68,184.41,186.99,190.64,192.68,195.84,201.76,205.99,207.09,213.64,218.40,221.18,222.24,228.64,231.52,231.67,236.64,239.38,241.19,241.90,246.10,247.06,247.15,249.32,250.85,250.62,250.33,252.35,252.40,252.20,254.47,257.23,258.60,262.27,265.09,267.44,269.57,277.19,281.73,289.03,293.94,300.44,311.82,316.07,319.27,323.62,331.38,336.26,339.62,343.13,349.51,350.73,350.19,353.06,357.34,356.56,359.16,357.10,361.70,360.85,361.64,364.05,363.30,365.50,367.39,373.67,376.01,377.84,379.28,378.41,384.35,389.09
OHSTHPI,Ohio,39,216.00,218.61,221.23,224.12,228.39,230.75,232.91,234.83,236.81,238.42,240.79,242.37,244.14,245.91,247.93,251.32,252.85,254.40,257.31,260.02,262.33,264.41,266.91,267.30,267.32,266.23,265.63,266.67,266.84,265.21,262.30,262.28,263.46,259.48,253.01,253.56,258.13,252.28,247.24,246.83,244.07,242.20,245.47,244.43,236.99,233.43,236.37,237.06,234.24,233.11,235.34,234.77,233.73,234.48,235.63,235.46,235.93,241.12,243.76,244.85,246.23,250.39,252.98,253.71,254.92,259.35,264.73,264.48,266.00,273.78,277.42,278.45,282.24,288.64,293.11,293.83,296.95,303.44,307.79,310.81,314.84,317.54,325.71,333.24
OKSTHPI,Oklahoma,40,143.45,145.14,147.45,148.45,151.88,153.42,155.06,156.77,157.59,159.12,161.32,163.24,164.26,166.37,167.50,169.11,171.06,172.64,173.94,176.85,178.00,181.03,184.42,186.58,187.87,190.30,191.71,194.49,196.90,197.74,200.42,202.19,203.24,204.37,202.71,202.83,206.13,204.37,203.02,203.72,202.14,202.04,204.04,203.34,199.09,199.07,198.62,201.61,201.57,201.41,203.03,204.07,204.22,206.23,206.91,206.36,208.94,210.65,213.61,214.69,216.33,219.56,221.90,223.38,223.16,225.45,228.26,228.27,230.66,234.13,235.43,236.88,237.68,240.94,242.48,243.09,246.94,248.50,253.66,255.69,258.45,260.60,264.63,268.94
ORSTHPI,Oregon,41,247.61,249.25,251.59,254.31,261.24,263.69,266.09,268.38,271.81,273.67,278.35,280.59,283.53,286.16,290.20,297.56,301.32,310.31,324.09,331.63,341.65,359.83,379.87,396.49,410.79,427.43,438.51,446.82,451.88,457.09,454.79,456.33,453.78,445.61,431.09,424.77,422.20,405.99,391.79,384.76,377.97,372.33,372.50,366.86,351.68,341.42,344.47,347.72,341.59,338.20,345.38,351.04,353.78,363.54,374.02,378.75,384.39,396.94,403.58,407.94,414.03,428.35,442.20,449.38,459.10,475.56,490.21,497.89,503.84,520.53,529.67,532.87,541.38,555.01,561.01,562.09,568.47,578.36,584.93,590.76,596.00,604.14,614.13,630.06
PASTHPI,Pennsylvania,42,234.45,237.88,240.38,243.22,249.49,253.48,256.85,260.13,264.14,268.76,274.30,279.05,282.24,285.90,291.83,300.49,305.71,313.77,326.72,334.00,341.01,352.69,364.22,371.79,378.47,382.68,387.03,391.57,395.03,396.73,394.88,396.57,399.36,394.38,387.63,387.04,390.93,385.09,377.73,376.42,373.92,371.99,376.38,375.46,369.60,364.62,365.05,366.54,363.43,361.71,363.63,364.71,364.97,366.22,367.96,367.32,367.43,372.26,374.68,375.49,379.54,382.18,383.80,384.48,386.24,392.57,396.60,397.38,398.61,406.29,411.44,412.96,417.88,423.75,428.01,428.39,432.90,441.17,447.06,450.47,455.96,459.35,469.54,477.27
RISTHPI,Rhode Island,44,279.13,287.78,296.77,302.38,308.38,318.98,331.21,338.23,351.30,368.64,382.53,394.65,406.25,415.92,433.27,461.45,472.49,493.99,528.95,542.26,553.30,575.97,588.91,597.59,603.38,603.46,601.58,601.38,601.33,590.00,578.81,576.26,569.97,547.30,522.43,516.35,519.39,496.08,483.66,483.86,475.98,469.24,476.38,475.35,463.67,448.15,449.28,452.18,445.37,436.96,438.98,441.19,438.99,439.51,440.56,437.62,439.96,447.86,455.59,458.48,462.48,472.16,474.27,477.41,478.29,489.06,497.00,505.55,508.81,519.80,529.55,535.58,545.93,553.63,561.35,563.47,567.72,578.65,586.23,592.89,597.67,604.85,619.12,636.04
SCSTHPI,South Carolina,45,231.77,234.64,237.41,240.68,246.91,249.71,251.59,254.47,255.99,257.46,261.48,263.72,265.19,267.86,269.45,271.98,275.12,277.51,282.84,287.99,293.02,298.08,305.58,312.34,316.75,321.90,326.77,335.01,337.03,339.41,339.04,343.66,345.98,344.04,337.89,338.87,343.01,338.64,328.60,324.86,320.66,315.58,320.06,317.36,309.01,301.59,304.12,307.25,302.25,300.71,303.14,303.19,302.90,303.76,304.43,303.60,304.85,310.41,313.80,315.96,321.97,325.63,328.76,332.73,336.01,341.66,349.50,350.19,354.15,360.66,367.55,370.81,378.55,383.18,388.76,391.26,396.26,404.65,409.37,414.58,420.05,423.24,430.23,438.38
SDSTHPI,South Dakota,46,197.49,201.31,204.77,204.97,209.40,212.43,214.33,215.26,218.24,221.16,223.78,225.13,227.16,228.34,232.51,237.39,237.99,242.34,247.14,250.60,254.21,260.23,264.13,268.33,268.33,272.59,277.24,278.12,281.09,283.89,285.84,288.11,291.29,291.67,291.39,293.45,296.03,294.85,291.41,290.31,288.50,288.10,292.54,292.78,291.08,288.72,291.53,293.11,293.12,294.69,296.03,300.04,303.18,304.45,308.41,309.69,309.49,314.39,317.27,320.33,322.78,327.59,331.03,334.53,337.18,340.33,347.00,349.43,352.51,359.91,364.95,366.92,370.72,375.36,380.68,384.53,386.53,392.40,397.42,402.45,406.55,409.30,415.25,424.46
TNSTHPI,Tennessee,47,214.47,215.65,217.81,219.82,225.25,226.43,227.85,230.52,231.61,232.01,235.40,237.48,239.07,241.09,242.67,245.31,247.34,250.09,253.65,256.75,260.35,265.95,271.31,275.67,280.18,285.61,289.19,294.61,297.37,301.01,301.29,303.44,304.68,303.51,298.97,300.23,302.84,299.76,292.78,289.97,287.15,285.87,289.88,287.76,280.90,277.35,280.60,281.27,278.82,277.73,280.71,281.31,281.46,284.17,284.88,286.52,288.42,294.19,296.65,300.83,303.40,306.97,312.44,315.11,319.15,325.54,331.33,335.93,339.88,348.37,355.80,360.12,366.05,374.71,380.14,384.30,387.83,395.40,401.50,406.52,412.50,417.03,426.48,435.58
TXSTHPI,Texas,48,158.77,161.41,163.80,165.72,170.41,172.63,173.92,175.88,176.38,177.89,180.64,182.53,183.41,184.58,185.17,186.30,187.21,189.08,190.62,192.81,193.79,196.91,200.08,202.43,204.77,208.01,211.11,214.00,216.78,220.40,221.14,222.79,224.10,224.70,223.94,224.33,227.00,225.44,223.22,222.64,221.27,221.41,222.79,221.79,218.56,217.46,219.32,219.51,219.36,220.90,222.81,224.48,226.15,230.17,234.19,236.93,240.84,247.17,251.51,254.54,258.36,264.92,270.43,273.08,277.05,284.16,289.95,293.30,297.28,306.21,311.12,313.88,318.21,325.27,329.42,330.67,334.53,340.75,345.29,347.83,351.38,353.94,359.22,366.73
UTSTHPI,Utah,49,236.49,236.43,238.94,242.36,247.73,248.31,248.47,251.07,250.66,250.17,253.32,254.62,255.29,256.22,256.92,257.11,259.61,262.03,265.43,270.47,275.49,284.19,294.71,304.53,314.94,328.19,342.66,355.76,366.60,375.49,380.15,383.00,382.00,375.87,364.45,363.60,360.71,346.99,332.00,328.30,323.25,318.67,321.36,319.62,305.44,298.93,304.28,305.56,304.86,303.32,309.52,314.86,317.70,326.60,334.42,338.88,340.94,347.39,351.18,355.14,358.62,364.61,371.76,376.98,382.38,391.13,400.04,404.90,412.48,426.32,436.10,441.96,451.39,466.27,476.33,482.19,490.12,500.46,508.41,516.05,522.25,531.61,544.65,562.73
VTSTHPI,Vermont,50,250.47,254.59,259.63,264.55,268.95,274.29,280.84,284.24,290.01,296.61,301.76,304.44,307.82,312.96,321.14,337.67,342.34,352.22,375.02,382.60,394.04,407.28,421.92,430.67,436.67,446.56,448.24,455.38,458.42,458.01,459.00,456.99,463.67,457.36,454.61,453.54,454.11,447.67,445.19,441.35,441.12,439.47,440.65,442.31,439.17,434.12,434.95,440.58,438.75,436.81,437.98,438.09,440.44,435.94,438.01,436.73,433.05,439.06,440.53,438.98,442.97,447.73,447.60,445.85,444.63,452.99,457.06,455.80,456.14,461.80,462.26,470.75,472.37,480.01,480.21,478.96,484.77,492.81,501.25,503.70,509.43,512.19,522.67,539.02
VASTHPI,Virginia,51,229.63,234.36,238.52,242.57,248.65,254.41,260.12,263.70,268.88,276.47,283.51,287.40,291.76,296.51,303.59,315.96,323.95,336.45,357.90,370.31,385.08,406.96,426.40,438.35,448.24,456.60,459.47,465.91,467.96,469.10,463.24,462.07,459.69,446.55,434.28,430.71,432.38,421.56,412.03,408.84,403.45,400.78,404.91,402.67,393.26,388.47,391.68,394.45,390.11,387.53,392.38,394.06,393.52,397.55,398.41,398.38,400.09,406.54,409.36,412.71,414.82,418.18,420.02,422.31,421.05,428.85,432.56,434.69,433.99,443.39,446.25,448.01,453.16,458.65,461.02,462.27,467.06,476.52,481.41,484.89,489.67,495.75,503.87,512.36
WASTHPI,Washington,53,269.80,272.57,276.27,279.78,286.60,290.46,293.40,295.37,298.98,302.61,306.31,308.91,311.44,314.11,318.00,326.07,331.02,340.92,355.13,363.35,375.05,395.00,412.47,429.79,445.12,460.56,474.09,484.31,493.02,498.54,499.81,502.60,501.21,491.31,476.69,471.62,467.96,447.97,432.92,427.31,419.78,415.06,414.89,407.56,393.83,383.95,385.10,385.41,379.10,375.98,382.83,387.30,390.15,397.47,406.16,410.14,414.77,425.81,434.84,439.22,444.92,458.25,471.20,479.32,488.78,506.30,521.32,528.88,539.62,560.87,578.17,586.53,600.71,622.49,629.36,630.96,639.23,652.18,660.46,667.65,677.82,688.48,703.95,721.76
WVSTHPI,West Virginia,54,147.84,148.73,150.29,151.59,155.87,157.41,158.12,159.73,160.46,162.33,163.69,166.11,166.58,168.22,170.52,172.04,174.85,178.27,181.50,184.83,188.77,194.57,201.60,204.28,208.30,206.41,209.14,211.90,212.58,212.60,213.11,214.89,215.23,214.63,211.10,209.23,212.59,210.00,206.02,204.89,204.75,204.72,205.74,207.30,202.64,199.82,203.15,204.09,202.26,203.05,204.13,204.72,204.14,205.33,207.53,208.77,208.35,209.87,211.92,212.61,211.53,217.30,216.41,217.74,218.38,219.29,220.95,222.26,220.15,221.76,222.46,226.42,226.31,229.35,228.96,228.99,229.01,232.99,235.34,237.94,240.29,241.68,246.25,249.55
WISTHPI,Wisconsin,55,227.71,228.87,232.24,235.07,238.62,241.87,245.06,246.93,251.00,254.44,257.12,258.98,261.66,263.98,267.96,276.75,278.87,284.54,295.07,298.49,304.00,309.41,315.43,318.44,320.86,320.55,322.03,325.94,327.27,326.72,325.04,326.73,327.53,322.64,316.94,317.58,319.08,314.26,307.29,306.38,302.42,300.77,303.88,301.95,295.27,290.39,293.06,294.14,291.38,289.02,291.68,291.70,290.73,290.68,290.99,289.88,289.31,293.86,296.98,298.52,300.40,303.55,306.26,308.07,310.86,315.35,319.42,321.58,324.96,332.90,336.96,337.54,342.88,351.57,355.67,357.09,360.54,367.01,371.53,373.93,376.78,379.11,387.14,394.36
WYSTHPI,Wyoming,56,150.16,151.68,153.06,156.46,157.62,160.57,163.07,165.03,168.21,170.56,173.69,175.41,177.40,181.41,183.88,187.45,191.06,196.14,203.48,207.28,211.76,218.19,226.43,232.67,239.03,246.69,254.70,261.27,267.38,274.62,278.13,279.49,281.03,281.95,280.09,279.91,279.93,279.56,272.65,270.45,266.42,267.15,267.14,267.37,263.63,260.85,264.43,264.12,264.69,265.49,267.44,269.38,270.56,273.22,273.36,274.33,277.52,279.03,283.25,285.09,288.04,289.02,295.13,294.25,293.81,297.09,299.80,299.75,298.34,300.94,302.17,306.09,311.60,310.36,315.74,317.15,317.17,325.82,330.66,335.25,337.36,340.42,345.79,351.68